collection,local_source_path,relative_path,filename,extension,size_bytes,modified_date,sha256,title_inferred,author_publisher,category,language,likely_topic,rights_status,review_status,possible_kutumba_relevance,duplicate_group
Granth,C:\Users\swap2\Downloads\Personal\5. Devotional\Granth\1. Bhaiji Maharaj\Bhagti Rahsya.pdf,1. Bhaiji Maharaj/Bhagti Rahsya.pdf,Bhagti Rahsya.pdf,.pdf,429184,2022-07-18T13:14:40.585862+00:00,1ba9ab918467e68ad6a4f89a948cf639a24f78928cb61a53ad14683da4f3fa90,Bhagti Rahsya,,pdf-reference,en,,reference-only-rights-review-required,not-reviewed,research-only,
Granth,C:\Users\swap2\Downloads\Personal\5. Devotional\Granth\1. Bhaiji Maharaj\Bhai ji Chirtamrit.pdf,1. Bhaiji Maharaj/Bhai ji Chirtamrit.pdf,Bhai ji Chirtamrit.pdf,.pdf,523089,2022-07-18T13:13:31.863216+00:00,4e5789a263f230c080b36b1f3d34207a3bd83e1fef04c9c85129366c39e2de7f,Bhai ji Chirtamrit,,pdf-reference,en,,reference-only-rights-review-required,not-reviewed,research-only,
Granth,C:\Users\swap2\Downloads\Personal\5. Devotional\Granth\1. Bhaiji Maharaj\Bharat Charitr and devi chintan.pdf,1. Bhaiji Maharaj/Bharat Charitr and devi chintan.pdf,Bharat Charitr and devi chintan.pdf,.pdf,347677,2022-07-18T13:15:02.444796+00:00,fa2c99f630b49d9b3ce9d3b0c3912d8bf8ed741456f8b35bd3e220c49afeac96,Bharat Charitr and devi chintan,,pdf-reference,en,,reference-only-rights-review-required,not-reviewed,research-only,
Granth,C:\Users\swap2\Downloads\Personal\5. Devotional\Granth\1. Bhaiji Maharaj\Braj Madhurya Bhav.pdf,1. Bhaiji Maharaj/Braj Madhurya Bhav.pdf,Braj Madhurya Bhav.pdf,.pdf,416444,2022-07-18T13:14:08.011141+00:00,b2e66d27463b5660f652ae9d94b85f185f4b4f530a1b7cc830943ec8e5cda4f2,Braj Madhurya Bhav,,pdf-reference,en,,reference-only-rights-review-required,not-reviewed,research-only,
Granth,C:\Users\swap2\Downloads\Personal\5. Devotional\Granth\1. Bhaiji Maharaj\Do Mahan Vibhutiyan.pdf,1. Bhaiji Maharaj/Do Mahan Vibhutiyan.pdf,Do Mahan Vibhutiyan.pdf,.pdf,330946,2022-07-18T13:14:18.869288+00:00,1d372add3748ac8456151267d1b3f738407ff3b2365e672dff5afdcc8021441c,Do Mahan Vibhutiyan,,pdf-reference,en,,reference-only-rights-review-required,not-reviewed,research-only,
Granth,C:\Users\swap2\Downloads\Personal\5. Devotional\Granth\1. Bhaiji Maharaj\Jaisa beej waisa fal.pdf,1. Bhaiji Maharaj/Jaisa beej waisa fal.pdf,Jaisa beej waisa fal.pdf,.pdf,364248,2022-07-18T13:13:56.483178+00:00,06a1ede3705ace6085d6e0de5fb38f9e76cd6937c1acf6fdd921b17e5f5ee274,Jaisa beej waisa fal,,pdf-reference,en,,reference-only-rights-review-required,not-reviewed,research-only,
Granth,C:\Users\swap2\Downloads\Personal\5. Devotional\Granth\1. Bhaiji Maharaj\Kaliya Naag par Kripa.pdf,1. Bhaiji Maharaj/Kaliya Naag par Kripa.pdf,Kaliya Naag par Kripa.pdf,.pdf,346029,2022-07-18T13:14:51.669883+00:00,d0783838a4efbcfd9be7f4f8425d2e2700fae8f17fa8ce60f091d62753450418,Kaliya Naag par Kripa,,pdf-reference,en,,reference-only-rights-review-required,not-reviewed,research-only,
Granth,C:\Users\swap2\Downloads\Personal\5. Devotional\Granth\1. Bhaiji Maharaj\Krishan chalat krishan uthat krishan shayam bhor hain.pdf,1. Bhaiji Maharaj/Krishan chalat krishan uthat krishan shayam bhor hain.pdf,Krishan chalat krishan uthat krishan shayam bhor hain.pdf,.pdf,11008,2022-07-18T13:18:27.007925+00:00,b71ddc4a00f8d2c24233536970b76e13c83f41fbc9200c0c0fa886675573409f,Krishan chalat krishan uthat krishan shayam bhor hain,,pdf-reference,en,,reference-only-rights-review-required,not-reviewed,research-only,
Granth,C:\Users\swap2\Downloads\Personal\5. Devotional\Granth\1. Bhaiji Maharaj\Pad-Ratnakar--Ek Addhyan.pdf,1. Bhaiji Maharaj/Pad-Ratnakar--Ek Addhyan.pdf,Pad-Ratnakar--Ek Addhyan.pdf,.pdf,650281,2022-07-18T13:17:51.425520+00:00,75f28cb598fee8a42e52ba95985c023f6d4da65351cf2abf13e69def4f0edb72,Pad-Ratnakar--Ek Addhyan,,pdf-reference,en,,reference-only-rights-review-required,not-reviewed,research-only,
Granth,C:\Users\swap2\Downloads\Personal\5. Devotional\Granth\1. Bhaiji Maharaj\Prem Aur Premi.pdf,1. Bhaiji Maharaj/Prem Aur Premi.pdf,Prem Aur Premi.pdf,.pdf,364216,2022-07-17T16:19:52.395646+00:00,9a481cacd53b7ee60a4e8350f085c978dd36b55db484dc2ccbbe54ec0507726f,Prem Aur Premi,,pdf-reference,en,,reference-only-rights-review-required,not-reviewed,research-only,
Granth,C:\Users\swap2\Downloads\Personal\5. Devotional\Granth\1. Bhaiji Maharaj\Saras Parsang.pdf,1. Bhaiji Maharaj/Saras Parsang.pdf,Saras Parsang.pdf,.pdf,415289,2022-07-18T13:13:39.562483+00:00,22edfe3d38cf3f12010d42f8022be6423c3a0f11f814b8e72fa65f20582a5578,Saras Parsang,,pdf-reference,en,,reference-only-rights-review-required,not-reviewed,research-only,
Granth,C:\Users\swap2\Downloads\Personal\5. Devotional\Granth\1. Bhaiji Maharaj\Sukhi Hone ke Upai.pdf,1. Bhaiji Maharaj/Sukhi Hone ke Upai.pdf,Sukhi Hone ke Upai.pdf,.pdf,359787,2022-07-17T16:14:44.947154+00:00,d738b8d2600c7e824ad13d89b44448e01dbe4a88ca21be3f0335ea0ef36919e4,Sukhi Hone ke Upai,,pdf-reference,en,,reference-only-rights-review-required,not-reviewed,research-only,
Granth,C:\Users\swap2\Downloads\Personal\5. Devotional\Granth\1. Bhaiji Maharaj\Yog Aur Bhakti.pdf,1. Bhaiji Maharaj/Yog Aur Bhakti.pdf,Yog Aur Bhakti.pdf,.pdf,412972,2022-07-18T13:13:46.431643+00:00,5a46a937d227d8930856fb832eb74c630299726e1846f1e1cc00c1d963f9dea5,Yog Aur Bhakti,,pdf-reference,en,,reference-only-rights-review-required,not-reviewed,research-only,
Granth,C:\Users\swap2\Downloads\Personal\5. Devotional\Granth\audio pravachan bhaiji -43-49_1658070415810\audio pravachan bhaiji -43-49\5_01_43_shri radha ashtami pravachan (pratah) sanvat 2017.mp3,audio pravachan bhaiji -43-49_1658070415810/audio pravachan bhaiji -43-49/5_01_43_shri radha ashtami pravachan (pratah) sanvat 2017.mp3,5_01_43_shri radha ashtami pravachan (pratah) sanvat 2017.mp3,.mp3,57927053,2022-07-17T15:33:56.750371+00:00,f97f54b8d61c5e9db4d05d864dc453472b4c6e18c9b1c03e077c9a8fc852cacf,5_01_43_shri radha ashtami pravachan (pratah) sanvat 2017,,audio,en,,reference-only-index-only,not-reviewed,research-only,
Granth,C:\Users\swap2\Downloads\Personal\5. Devotional\Granth\audio pravachan bhaiji -43-49_1658070415810\audio pravachan bhaiji -43-49\5_02_44_shri radha ashtami pravachan (saayan) samvat  2017.mp3,audio pravachan bhaiji -43-49_1658070415810/audio pravachan bhaiji -43-49/5_02_44_shri radha ashtami pravachan (saayan) samvat  2017.mp3,5_02_44_shri radha ashtami pravachan (saayan) samvat  2017.mp3,.mp3,48976457,2022-07-17T15:33:53.926414+00:00,51792d7ea425228f767f5ee7b487f071e7a24b64c2c0db34cf95b9c650ceb745,5_02_44_shri radha ashtami pravachan (saayan) samvat  2017,,audio,en,,reference-only-index-only,not-reviewed,research-only,
Granth,C:\Users\swap2\Downloads\Personal\5. Devotional\Granth\audio pravachan bhaiji -43-49_1658070415810\audio pravachan bhaiji -43-49\5_03_45_bhagwan hamare apne hain.mp3,audio pravachan bhaiji -43-49_1658070415810/audio pravachan bhaiji -43-49/5_03_45_bhagwan hamare apne hain.mp3,5_03_45_bhagwan hamare apne hain.mp3,.mp3,62037264,2022-07-17T15:33:54.438589+00:00,5ad63ce9c66979236d00e06a9a65fd782476c0190768d5b6ca3007f9c233a199,5_03_45_bhagwan hamare apne hain,,audio,en,,reference-only-index-only,not-reviewed,research-only,
Granth,C:\Users\swap2\Downloads\Personal\5. Devotional\Granth\audio pravachan bhaiji -43-49_1658070415810\audio pravachan bhaiji -43-49\5_04_46a_asli prem ki pehchan.mp3,audio pravachan bhaiji -43-49_1658070415810/audio pravachan bhaiji -43-49/5_04_46a_asli prem ki pehchan.mp3,5_04_46a_asli prem ki pehchan.mp3,.mp3,88148846,2022-07-17T15:33:58.376190+00:00,b76969047d282143ad95232ec267ea815e30e94ec180aa04b62653e90a4b1da8,5_04_46a_asli prem ki pehchan,,audio,en,,reference-only-index-only,not-reviewed,research-only,
Granth,C:\Users\swap2\Downloads\Personal\5. Devotional\Granth\audio pravachan bhaiji -43-49_1658070415810\audio pravachan bhaiji -43-49\5_05_46b_nirantar bhagawad smriti kaise ho.mp3,audio pravachan bhaiji -43-49_1658070415810/audio pravachan bhaiji -43-49/5_05_46b_nirantar bhagawad smriti kaise ho.mp3,5_05_46b_nirantar bhagawad smriti kaise ho.mp3,.mp3,88847673,2022-07-17T15:33:55.236087+00:00,138efd341cdaad1dc005165a85fb8ecd9597fc57348eba650a1fffabeeb817a1,5_05_46b_nirantar bhagawad smriti kaise ho,,audio,en,,reference-only-index-only,not-reviewed,research-only,
Granth,C:\Users\swap2\Downloads\Personal\5. Devotional\Granth\audio pravachan bhaiji -43-49_1658070415810\audio pravachan bhaiji -43-49\5_06_47a_bhagwan ki avashyakta kaise jage.mp3,audio pravachan bhaiji -43-49_1658070415810/audio pravachan bhaiji -43-49/5_06_47a_bhagwan ki avashyakta kaise jage.mp3,5_06_47a_bhagwan ki avashyakta kaise jage.mp3,.mp3,79793842,2022-07-17T15:33:57.359778+00:00,b7715d8eb8ba5bdf4b30d967ed98521b961fc9c0174530cd1ec59b5f4a1089ae,5_06_47a_bhagwan ki avashyakta kaise jage,,audio,en,,reference-only-index-only,not-reviewed,research-only,
Granth,C:\Users\swap2\Downloads\Personal\5. Devotional\Granth\audio pravachan bhaiji -43-49_1658070415810\audio pravachan bhaiji -43-49\5_07_47B_Gopi Prem Ka Divya Swaroop.mp3,audio pravachan bhaiji -43-49_1658070415810/audio pravachan bhaiji -43-49/5_07_47B_Gopi Prem Ka Divya Swaroop.mp3,5_07_47B_Gopi Prem Ka Divya Swaroop.mp3,.mp3,41377959,2022-07-17T15:33:57.672165+00:00,7324d36babcfdb8c2a45a3dc24aa3f4bce44626432b50fa3c12474ed458a4793,5_07_47B_Gopi Prem Ka Divya Swaroop,,audio,en,,reference-only-index-only,not-reviewed,research-only,
Granth,C:\Users\swap2\Downloads\Personal\5. Devotional\Granth\audio pravachan bhaiji -43-49_1658070415810\audio pravachan bhaiji -43-49\5_08_47c_achchhey vyavahar ki mahatta.mp3,audio pravachan bhaiji -43-49_1658070415810/audio pravachan bhaiji -43-49/5_08_47c_achchhey vyavahar ki mahatta.mp3,5_08_47c_achchhey vyavahar ki mahatta.mp3,.mp3,68055876,2022-07-17T15:33:56.358485+00:00,a92dfe5676212df912dbe8f21568ea1cfdbc265309be39e8b9c909634210dee6,5_08_47c_achchhey vyavahar ki mahatta,,audio,en,,reference-only-index-only,not-reviewed,research-only,
Granth,C:\Users\swap2\Downloads\Personal\5. Devotional\Granth\audio pravachan bhaiji -43-49_1658070415810\audio pravachan bhaiji -43-49\5_09_48_sharad purnima par pravachan.mp3,audio pravachan bhaiji -43-49_1658070415810/audio pravachan bhaiji -43-49/5_09_48_sharad purnima par pravachan.mp3,5_09_48_sharad purnima par pravachan.mp3,.mp3,31912020,2022-07-17T15:33:58.675380+00:00,aa06b3c7e76e33a4f663b0d774b9e47daa5459e040d662ee09940da27b39bd18,5_09_48_sharad purnima par pravachan,,audio,en,,reference-only-index-only,not-reviewed,research-only,
Granth,C:\Users\swap2\Downloads\Personal\5. Devotional\Granth\audio pravachan bhaiji -43-49_1658070415810\audio pravachan bhaiji -43-49\5_10_49_sharad purnima par sri radha baba ka sandesh.mp3,audio pravachan bhaiji -43-49_1658070415810/audio pravachan bhaiji -43-49/5_10_49_sharad purnima par sri radha baba ka sandesh.mp3,5_10_49_sharad purnima par sri radha baba ka sandesh.mp3,.mp3,61964121,2022-07-17T15:33:55.809951+00:00,3e4a778bbc4cb11873ab9201dd19b907b6a73190562752d3e7fa180c6149a416,5_10_49_sharad purnima par sri radha baba ka sandesh,,audio,en,,reference-only-index-only,not-reviewed,research-only,
Granth,C:\Users\swap2\Downloads\Personal\5. Devotional\Granth\audio pravachan bhaiji -43-49_1658070415810\audio pravachan bhaiji -43-49_1658070415810.zip,audio pravachan bhaiji -43-49_1658070415810/audio pravachan bhaiji -43-49_1658070415810.zip,audio pravachan bhaiji -43-49_1658070415810.zip,.zip,480390207,2022-07-17T15:23:04.386555+00:00,f39beb096e0a35dbcceb2790acffe8009316020c01bef6cd532cc19a6a6cbe15,audio pravachan bhaiji -43-49_1658070415810,,other,en,,reference-only-index-only,not-reviewed,research-only,
Granth,C:\Users\swap2\Downloads\Personal\5. Devotional\Granth\Bhagwatkripa by Bhaiji_1658071945570\Bhagwatkripa by Bhaiji\Bhagwatkripa -by Bhaiji.pdf,Bhagwatkripa by Bhaiji_1658071945570/Bhagwatkripa by Bhaiji/Bhagwatkripa -by Bhaiji.pdf,Bhagwatkripa -by Bhaiji.pdf,.pdf,5912138,2022-07-17T15:37:22.093269+00:00,f0016b189388f7743264faff6bc9220e674274704361c58ff9f657196b595070,Bhagwatkripa -by Bhaiji,,pdf-reference,en,,reference-only-rights-review-required,not-reviewed,research-only,
Granth,C:\Users\swap2\Downloads\Personal\5. Devotional\Granth\Bhagwatkripa by Bhaiji_1658071945570\Bhagwatkripa by Bhaiji_1658071945570.zip,Bhagwatkripa by Bhaiji_1658071945570/Bhagwatkripa by Bhaiji_1658071945570.zip,Bhagwatkripa by Bhaiji_1658071945570.zip,.zip,5623495,2022-07-17T15:34:15.927274+00:00,3745530acb268a97e1fbe58ed4c6c5abdc5d03a19165cbe3443bbf4f237de80f,Bhagwatkripa by Bhaiji_1658071945570,,other,en,,reference-only-index-only,not-reviewed,research-only,
Granth,C:\Users\swap2\Downloads\Personal\5. Devotional\Granth\caitanya-caritra-piyush.pdf,caitanya-caritra-piyush.pdf,caitanya-caritra-piyush.pdf,.pdf,6573554,2023-02-02T22:09:55.467362+00:00,15ba4f65ad861d8f2726b15d24294b6d0b2a2c06d8dc073cca44e67451786c88,caitanya-caritra-piyush,,pdf-reference,en,,reference-only-rights-review-required,not-reviewed,research-only,
Granth,C:\Users\swap2\Downloads\Personal\5. Devotional\Granth\caitanya_mahaprabhu_ka_bhagavan_hone_ka_praman_hindi.pdf,caitanya_mahaprabhu_ka_bhagavan_hone_ka_praman_hindi.pdf,caitanya_mahaprabhu_ka_bhagavan_hone_ka_praman_hindi.pdf,.pdf,236193,2023-02-02T22:07:44.115270+00:00,1153bf040958add70236f9830e71baeadcd69df1d3cd12a3aab5cdad5e68fc58,caitanya_mahaprabhu_ka_bhagavan_hone_ka_praman_hindi,,pdf-reference,hi,,reference-only-rights-review-required,not-reviewed,research-only,
Granth,C:\Users\swap2\Downloads\Personal\5. Devotional\Granth\GEETA PRESS BOOKS\Aitareya Upanishad - Gita Press Gorakhpur.pdf,GEETA PRESS BOOKS/Aitareya Upanishad - Gita Press Gorakhpur.pdf,Aitareya Upanishad - Gita Press Gorakhpur.pdf,.pdf,156759845,2022-07-21T11:02:28.416345+00:00,f520ec5b858a7dfa14ea13fa48d4729aabcca151a8d2ad6be96d2dc4bdcdd53b,Aitareya Upanishad - Gita Press Gorakhpur,,pdf-reference,en,,reference-only-rights-review-required,not-reviewed,research-only,
Granth,C:\Users\swap2\Downloads\Personal\5. Devotional\Granth\GEETA PRESS BOOKS\Bhagavata Gita Tattva Bodhini Scan 3  - Gita Press Gorakhpur.pdf,GEETA PRESS BOOKS/Bhagavata Gita Tattva Bodhini Scan 3  - Gita Press Gorakhpur.pdf,Bhagavata Gita Tattva Bodhini Scan 3  - Gita Press Gorakhpur.pdf,.pdf,558706920,2022-07-21T11:21:42.070132+00:00,328f47c777d5395874b42d9f5c07089037efb9410ce47e55ded20e8846638c0b,Bhagavata Gita Tattva Bodhini Scan 3  - Gita Press Gorakhpur,,pdf-reference,en,,reference-only-rights-review-required,not-reviewed,research-only,
Granth,C:\Users\swap2\Downloads\Personal\5. Devotional\Granth\GEETA PRESS BOOKS\Brihadaranyaka Upanishad - Gita Press.pdf,GEETA PRESS BOOKS/Brihadaranyaka Upanishad - Gita Press.pdf,Brihadaranyaka Upanishad - Gita Press.pdf,.pdf,739860888,2022-07-21T11:17:39.221393+00:00,b12c248ce58d348bb5fcf1c11f0a681325d50acc1671da37c4e7b791c9e236ae,Brihadaranyaka Upanishad - Gita Press,,pdf-reference,en,,reference-only-rights-review-required,not-reviewed,research-only,
Granth,C:\Users\swap2\Downloads\Personal\5. Devotional\Granth\GEETA PRESS BOOKS\Durga Saptashati with Mula Bhag Patha Vidhi - Gita Press.pdf,GEETA PRESS BOOKS/Durga Saptashati with Mula Bhag Patha Vidhi - Gita Press.pdf,Durga Saptashati with Mula Bhag Patha Vidhi - Gita Press.pdf,.pdf,71803474,2022-07-21T10:53:25.913200+00:00,c7386d105112b60d4974df2f24a36a3c300d9ab19227db2839887229f516a20a,Durga Saptashati with Mula Bhag Patha Vidhi - Gita Press,,pdf-reference,en,,reference-only-rights-review-required,not-reviewed,research-only,
Granth,C:\Users\swap2\Downloads\Personal\5. Devotional\Granth\GEETA PRESS BOOKS\Kalyan Dharmanka - Gita Press Gorakhpur.pdf,GEETA PRESS BOOKS/Kalyan Dharmanka - Gita Press Gorakhpur.pdf,Kalyan Dharmanka - Gita Press Gorakhpur.pdf,.pdf,576071054,2022-07-21T11:23:03.725112+00:00,8a844aaa1b40c68e3516d80639f15e28f3c604c3b9bb9b9b287e682c62e1f2d5,Kalyan Dharmanka - Gita Press Gorakhpur,,pdf-reference,en,,reference-only-rights-review-required,not-reviewed,research-only,
Granth,C:\Users\swap2\Downloads\Personal\5. Devotional\Granth\GEETA PRESS BOOKS\Kalyana Kalpataru 1999 - Gita Press Gorakhpur.pdf,GEETA PRESS BOOKS/Kalyana Kalpataru 1999 - Gita Press Gorakhpur.pdf,Kalyana Kalpataru 1999 - Gita Press Gorakhpur.pdf,.pdf,26155471,2022-07-21T10:58:32.389358+00:00,b2e00de93cbbaeb795f32c788a463c989271ec5372fba7b7b89dc2b9b9c270ae,Kalyana Kalpataru 1999 - Gita Press Gorakhpur,,pdf-reference,en,,reference-only-rights-review-required,not-reviewed,research-only,
Granth,C:\Users\swap2\Downloads\Personal\5. Devotional\Granth\GEETA PRESS BOOKS\Kalyana Kalpataru August 1998 - Gita Press Gorakhpur.pdf,GEETA PRESS BOOKS/Kalyana Kalpataru August 1998 - Gita Press Gorakhpur.pdf,Kalyana Kalpataru August 1998 - Gita Press Gorakhpur.pdf,.pdf,24605827,2022-07-21T11:02:33.128376+00:00,899524bc99379d1ec1cb4bfb9e0affcda7a258f91929a79c2d985c06d86c1230,Kalyana Kalpataru August 1998 - Gita Press Gorakhpur,,pdf-reference,en,,reference-only-rights-review-required,not-reviewed,research-only,
Granth,C:\Users\swap2\Downloads\Personal\5. Devotional\Granth\GEETA PRESS BOOKS\Kalyana Kalpataru February 2001 - Gita Press Gorakhpur.pdf,GEETA PRESS BOOKS/Kalyana Kalpataru February 2001 - Gita Press Gorakhpur.pdf,Kalyana Kalpataru February 2001 - Gita Press Gorakhpur.pdf,.pdf,26610555,2022-07-21T11:01:34.000931+00:00,a32c9ac9481ec43bf5f5861f6bcde4a973944202ed35ee8410bc38a40546324f,Kalyana Kalpataru February 2001 - Gita Press Gorakhpur,,pdf-reference,en,,reference-only-rights-review-required,not-reviewed,research-only,
Granth,C:\Users\swap2\Downloads\Personal\5. Devotional\Granth\GEETA PRESS BOOKS\Kalyana Kalpataru Februry 1997 - Gita Press Gorakhpur.pdf,GEETA PRESS BOOKS/Kalyana Kalpataru Februry 1997 - Gita Press Gorakhpur.pdf,Kalyana Kalpataru Februry 1997 - Gita Press Gorakhpur.pdf,.pdf,26354702,2022-07-21T10:57:06.745065+00:00,7841182208c4493db7c15e63e5aec1787d72338b947d11b848b470813883780c,Kalyana Kalpataru Februry 1997 - Gita Press Gorakhpur,,pdf-reference,en,,reference-only-rights-review-required,not-reviewed,research-only,
Granth,C:\Users\swap2\Downloads\Personal\5. Devotional\Granth\GEETA PRESS BOOKS\Kalyana Kalpataru January 2001 - Gita Press Gorakhpur.pdf,GEETA PRESS BOOKS/Kalyana Kalpataru January 2001 - Gita Press Gorakhpur.pdf,Kalyana Kalpataru January 2001 - Gita Press Gorakhpur.pdf,.pdf,26793207,2022-07-21T10:58:46.009944+00:00,fce12b144f6f006a72f168d3529c1caca2a22780e8c17bf4cf4024a9ad7edbab,Kalyana Kalpataru January 2001 - Gita Press Gorakhpur,,pdf-reference,en,,reference-only-rights-review-required,not-reviewed,research-only,
Granth,C:\Users\swap2\Downloads\Personal\5. Devotional\Granth\GEETA PRESS BOOKS\Kalyana Kalpataru Manu Smriti Saram Oct 1999 Vol. 45 No. 1 - Gita Press Gorakhpur.pdf,GEETA PRESS BOOKS/Kalyana Kalpataru Manu Smriti Saram Oct 1999 Vol. 45 No. 1 - Gita Press Gorakhpur.pdf,Kalyana Kalpataru Manu Smriti Saram Oct 1999 Vol. 45 No. 1 - Gita Press Gorakhpur.pdf,.pdf,205474959,2022-07-21T11:06:43.987283+00:00,b9a80d17ca3889c60bb0a00796c3c075fae70cc3f62ca6c21cc9ea0c1ee71228,Kalyana Kalpataru Manu Smriti Saram Oct 1999 Vol. 45 No. 1 - Gita Press Gorakhpur,,pdf-reference,en,,reference-only-rights-review-required,not-reviewed,research-only,
Granth,C:\Users\swap2\Downloads\Personal\5. Devotional\Granth\GEETA PRESS BOOKS\Kalyana Kalpataru March 2000 - Gita Press Gorakhpur.pdf,GEETA PRESS BOOKS/Kalyana Kalpataru March 2000 - Gita Press Gorakhpur.pdf,Kalyana Kalpataru March 2000 - Gita Press Gorakhpur.pdf,.pdf,24942395,2022-07-21T10:58:53.253910+00:00,a635124573c24e0f52d3e8e31021ff050a0c3a9d45ea73449657751387b2aa2e,Kalyana Kalpataru March 2000 - Gita Press Gorakhpur,,pdf-reference,en,,reference-only-rights-review-required,not-reviewed,research-only,
Granth,C:\Users\swap2\Downloads\Personal\5. Devotional\Granth\GEETA PRESS BOOKS\Kalyana Kalpataru May 1996 - Gita Press Gorakhpur.pdf,GEETA PRESS BOOKS/Kalyana Kalpataru May 1996 - Gita Press Gorakhpur.pdf,Kalyana Kalpataru May 1996 - Gita Press Gorakhpur.pdf,.pdf,25477148,2022-07-21T10:59:09.850419+00:00,2e9f7ad3ab96c13f990249134eab9636b89cb8350d882f7c6045dc7ae0646f99,Kalyana Kalpataru May 1996 - Gita Press Gorakhpur,,pdf-reference,en,,reference-only-rights-review-required,not-reviewed,research-only,
Granth,C:\Users\swap2\Downloads\Personal\5. Devotional\Granth\GEETA PRESS BOOKS\Katha Upanishad with Shankar Bhashya Series No. 578 - Gita Press Gorakhpur.pdf,GEETA PRESS BOOKS/Katha Upanishad with Shankar Bhashya Series No. 578 - Gita Press Gorakhpur.pdf,Katha Upanishad with Shankar Bhashya Series No. 578 - Gita Press Gorakhpur.pdf,.pdf,63291754,2022-07-21T10:57:02.996763+00:00,70fcf39d45efb54782e85968c8d895910c6fe8ec72ef421168a0ad07c71263d0,Katha Upanishad with Shankar Bhashya Series No. 578 - Gita Press Gorakhpur,,pdf-reference,en,,reference-only-rights-review-required,not-reviewed,research-only,
Granth,C:\Users\swap2\Downloads\Personal\5. Devotional\Granth\GEETA PRESS BOOKS\Mahabharat Drona Karna Shalya Sauptik and Stri Parva Vol 4 - Gita Press Gorakhpur.pdf,GEETA PRESS BOOKS/Mahabharat Drona Karna Shalya Sauptik and Stri Parva Vol 4 - Gita Press Gorakhpur.pdf,Mahabharat Drona Karna Shalya Sauptik and Stri Parva Vol 4 - Gita Press Gorakhpur.pdf,.pdf,1438507064,2022-07-21T11:45:11.628919+00:00,f81ff0702a4caff4192d1d1dfada58ed29e5f00962eff039e8375051bc0d4701,Mahabharat Drona Karna Shalya Sauptik and Stri Parva Vol 4 - Gita Press Gorakhpur,,pdf-reference,en,,reference-only-rights-review-required,not-reviewed,research-only,
Granth,C:\Users\swap2\Downloads\Personal\5. Devotional\Granth\GEETA PRESS BOOKS\Mahabharat Van Parva Aur Virat Parva Vol 2 - Gita Press Gorakhpur.pdf,GEETA PRESS BOOKS/Mahabharat Van Parva Aur Virat Parva Vol 2 - Gita Press Gorakhpur.pdf,Mahabharat Van Parva Aur Virat Parva Vol 2 - Gita Press Gorakhpur.pdf,.pdf,1108947173,2022-07-21T11:40:01.332720+00:00,cc3a147ed1edf5016571e38e7c9a4c76c3ef3ef71182b3871be26200790e3a00,Mahabharat Van Parva Aur Virat Parva Vol 2 - Gita Press Gorakhpur,,pdf-reference,en,,reference-only-rights-review-required,not-reviewed,research-only,
Granth,C:\Users\swap2\Downloads\Personal\5. Devotional\Granth\GEETA PRESS BOOKS\Mahabharata Part 6 - Gita Press Gorakhpur.pdf,GEETA PRESS BOOKS/Mahabharata Part 6 - Gita Press Gorakhpur.pdf,Mahabharata Part 6 - Gita Press Gorakhpur.pdf,.pdf,1108542122,2022-07-21T11:36:19.708612+00:00,2e29cdec2a0e0930790b277e1ff103e86b4cfaf6d3b7652f9eb80a945a315a40,Mahabharata Part 6 - Gita Press Gorakhpur,,pdf-reference,en,,reference-only-rights-review-required,not-reviewed,research-only,
Granth,C:\Users\swap2\Downloads\Personal\5. Devotional\Granth\GEETA PRESS BOOKS\mahabharata-by-gita-press-in-hindi-and-sanskrit\Mahabharata Volume 1.pdf,GEETA PRESS BOOKS/mahabharata-by-gita-press-in-hindi-and-sanskrit/Mahabharata Volume 1.pdf,Mahabharata Volume 1.pdf,.pdf,11939327,2022-07-23T14:29:27.808735+00:00,1ab71294ea9ef670359906176c4585faaff3b484b3beb0f447c24efebf8af7c6,Mahabharata Volume 1,,pdf-reference,en,,reference-only-rights-review-required,not-reviewed,research-only,
Granth,C:\Users\swap2\Downloads\Personal\5. Devotional\Granth\GEETA PRESS BOOKS\mahabharata-by-gita-press-in-hindi-and-sanskrit\Mahabharata Volume 2.pdf,GEETA PRESS BOOKS/mahabharata-by-gita-press-in-hindi-and-sanskrit/Mahabharata Volume 2.pdf,Mahabharata Volume 2.pdf,.pdf,16500656,2022-07-23T14:29:28.325353+00:00,eb726bd876ed640618040a49f1b399d53497180191ea9edcd210addb8ee9733e,Mahabharata Volume 2,,pdf-reference,en,,reference-only-rights-review-required,not-reviewed,research-only,
Granth,C:\Users\swap2\Downloads\Personal\5. Devotional\Granth\GEETA PRESS BOOKS\mahabharata-by-gita-press-in-hindi-and-sanskrit\Mahabharata Volume 3.pdf,GEETA PRESS BOOKS/mahabharata-by-gita-press-in-hindi-and-sanskrit/Mahabharata Volume 3.pdf,Mahabharata Volume 3.pdf,.pdf,12222494,2022-07-23T14:29:27.994262+00:00,4bc503a3b8d69114ba747546eaee5683ff9208cfb9851e80a0ed8227c2dd25f9,Mahabharata Volume 3,,pdf-reference,en,,reference-only-rights-review-required,not-reviewed,research-only,
Granth,C:\Users\swap2\Downloads\Personal\5. Devotional\Granth\GEETA PRESS BOOKS\mahabharata-by-gita-press-in-hindi-and-sanskrit\Mahabharata Volume 4.pdf,GEETA PRESS BOOKS/mahabharata-by-gita-press-in-hindi-and-sanskrit/Mahabharata Volume 4.pdf,Mahabharata Volume 4.pdf,.pdf,15189908,2022-07-23T14:29:28.195700+00:00,fb4f4a25bd4e54ff112aae1c59c9edc8488e50fe53757c0c550940c496c5cdfb,Mahabharata Volume 4,,pdf-reference,en,,reference-only-rights-review-required,not-reviewed,research-only,
Granth,C:\Users\swap2\Downloads\Personal\5. Devotional\Granth\GEETA PRESS BOOKS\mahabharata-by-gita-press-in-hindi-and-sanskrit\Mahabharata Volume 5.pdf,GEETA PRESS BOOKS/mahabharata-by-gita-press-in-hindi-and-sanskrit/Mahabharata Volume 5.pdf,Mahabharata Volume 5.pdf,.pdf,10253166,2022-07-23T14:29:28.079012+00:00,a4f5cd37d1b0f2cf46c3ece255a1436af655b50162c467a62b6d4a6baba5633e,Mahabharata Volume 5,,pdf-reference,en,,reference-only-rights-review-required,not-reviewed,research-only,
Granth,C:\Users\swap2\Downloads\Personal\5. Devotional\Granth\GEETA PRESS BOOKS\mahabharata-by-gita-press-in-hindi-and-sanskrit\Mahabharata Volume 6.pdf,GEETA PRESS BOOKS/mahabharata-by-gita-press-in-hindi-and-sanskrit/Mahabharata Volume 6.pdf,Mahabharata Volume 6.pdf,.pdf,12009642,2022-07-23T14:29:27.901487+00:00,53f0bacfde175610dbd0b6b0439b502a6897fc09314ccf614dfe8dc543b82144,Mahabharata Volume 6,,pdf-reference,en,,reference-only-rights-review-required,not-reviewed,research-only,
Granth,C:\Users\swap2\Downloads\Personal\5. Devotional\Granth\GEETA PRESS BOOKS\Mahabharta Part Four - Gita Press Gorakhpur.pdf,GEETA PRESS BOOKS/Mahabharta Part Four - Gita Press Gorakhpur.pdf,Mahabharta Part Four - Gita Press Gorakhpur.pdf,.pdf,1438499372,2022-07-21T11:48:15.521556+00:00,449fc961c442d71e9a9b512923f7924b3129f525ccc0616af48c3f8206e6841f,Mahabharta Part Four - Gita Press Gorakhpur,,pdf-reference,en,,reference-only-rights-review-required,not-reviewed,research-only,
Granth,C:\Users\swap2\Downloads\Personal\5. Devotional\Granth\GEETA PRESS BOOKS\Mandukya Upanishad - Gita Press Gorakhpur.pdf,GEETA PRESS BOOKS/Mandukya Upanishad - Gita Press Gorakhpur.pdf,Mandukya Upanishad - Gita Press Gorakhpur.pdf,.pdf,111996315,2022-07-21T11:06:10.907300+00:00,12216cfb1a66dacde55fa232b0eafd0a3fa08b352f461f0a9be03a669155f499,Mandukya Upanishad - Gita Press Gorakhpur,,pdf-reference,en,,reference-only-rights-review-required,not-reviewed,research-only,
Granth,C:\Users\swap2\Downloads\Personal\5. Devotional\Granth\GEETA PRESS BOOKS\Ram Charit Manas - Gita Press Gorakhpur.pdf,GEETA PRESS BOOKS/Ram Charit Manas - Gita Press Gorakhpur.pdf,Ram Charit Manas - Gita Press Gorakhpur.pdf,.pdf,3054664252,2022-07-21T12:03:39.981340+00:00,908bc205073c505349ec94e758fceefbb0d39c774e6488e46e1e125ebce519ac,Ram Charit Manas - Gita Press Gorakhpur,,pdf-reference,en,,reference-only-rights-review-required,not-reviewed,research-only,
Granth,C:\Users\swap2\Downloads\Personal\5. Devotional\Granth\GEETA PRESS BOOKS\Shvetashvatara Upanishad - Gita Press Gorakhpur.pdf,GEETA PRESS BOOKS/Shvetashvatara Upanishad - Gita Press Gorakhpur.pdf,Shvetashvatara Upanishad - Gita Press Gorakhpur.pdf,.pdf,101723932,2022-07-21T10:57:09.645390+00:00,db94194754c272135e08833183c69e96e825f42cc3846f36f98eb9414807ff1f,Shvetashvatara Upanishad - Gita Press Gorakhpur,,pdf-reference,en,,reference-only-rights-review-required,not-reviewed,research-only,
Granth,C:\Users\swap2\Downloads\Personal\5. Devotional\Granth\GEETA PRESS BOOKS\srimad-bhagavat-mahapuran-in-hindi-by-gita-press\1 Srimad Bhagavat Mahapuran Volume 1 Sanskrit Hindi.pdf,GEETA PRESS BOOKS/srimad-bhagavat-mahapuran-in-hindi-by-gita-press/1 Srimad Bhagavat Mahapuran Volume 1 Sanskrit Hindi.pdf,1 Srimad Bhagavat Mahapuran Volume 1 Sanskrit Hindi.pdf,.pdf,12545495,2022-07-23T14:29:13.935472+00:00,fcc63c94b7d8137414835f623523ee24b37f12cc65378362d575503a09278a2c,1 Srimad Bhagavat Mahapuran Volume 1 Sanskrit Hindi,,pdf-reference,hi,,reference-only-rights-review-required,not-reviewed,research-only,
Granth,C:\Users\swap2\Downloads\Personal\5. Devotional\Granth\GEETA PRESS BOOKS\srimad-bhagavat-mahapuran-in-hindi-by-gita-press\2 Srimad Bhagavat Mahapuran Volume 2 Sanskrit Hindi.pdf,GEETA PRESS BOOKS/srimad-bhagavat-mahapuran-in-hindi-by-gita-press/2 Srimad Bhagavat Mahapuran Volume 2 Sanskrit Hindi.pdf,2 Srimad Bhagavat Mahapuran Volume 2 Sanskrit Hindi.pdf,.pdf,14920977,2022-07-23T14:29:14.061130+00:00,e0f860f88f9a3f98ddd1436346d27e0caa1a01eb2c69af173d9b495d34b432c1,2 Srimad Bhagavat Mahapuran Volume 2 Sanskrit Hindi,,pdf-reference,hi,,reference-only-rights-review-required,not-reviewed,research-only,
Granth,C:\Users\swap2\Downloads\Personal\5. Devotional\Granth\GEETA PRESS BOOKS\Stotra Ratnavali - Gita Press.pdf,GEETA PRESS BOOKS/Stotra Ratnavali - Gita Press.pdf,Stotra Ratnavali - Gita Press.pdf,.pdf,107741666,2022-07-21T10:53:08.029727+00:00,4be790891c3dbfc608f02a31840e3c38ab042f1674cf03fcb23ced776479a914,Stotra Ratnavali - Gita Press,,pdf-reference,en,,reference-only-rights-review-required,not-reviewed,research-only,
Granth,C:\Users\swap2\Downloads\Personal\5. Devotional\Granth\GEETA PRESS BOOKS\Taitiriya Upanishad with Translated Shankara Bhashya - Gita Press.pdf,GEETA PRESS BOOKS/Taitiriya Upanishad with Translated Shankara Bhashya - Gita Press.pdf,Taitiriya Upanishad with Translated Shankara Bhashya - Gita Press.pdf,.pdf,89711677,2022-07-21T10:52:07.988942+00:00,1b38c4ef916f537cf03d3e68aa7f5b99e90299e85e88263b471d251a063ee699,Taitiriya Upanishad with Translated Shankara Bhashya - Gita Press,,pdf-reference,en,,reference-only-rights-review-required,not-reviewed,research-only,
Granth,C:\Users\swap2\Downloads\Personal\5. Devotional\Granth\GEETA PRESS BOOKS\The Kalyana Kalpatru Oct 1994 - Gita Press Gorakhpur.pdf,GEETA PRESS BOOKS/The Kalyana Kalpatru Oct 1994 - Gita Press Gorakhpur.pdf,The Kalyana Kalpatru Oct 1994 - Gita Press Gorakhpur.pdf,.pdf,184642591,2022-07-21T11:08:12.461369+00:00,b07f8e852ff401b00d5edb6e053dbe19e159ad418d2a8b0fcba0bb68910b84aa,The Kalyana Kalpatru Oct 1994 - Gita Press Gorakhpur,,pdf-reference,en,,reference-only-rights-review-required,not-reviewed,research-only,
Granth,C:\Users\swap2\Downloads\Personal\5. Devotional\Granth\Gita Sangraha (Gita Press).pdf,Gita Sangraha (Gita Press).pdf,Gita Sangraha (Gita Press).pdf,.pdf,4558841,2022-07-18T13:19:29.188487+00:00,023d0b42158ed3076806ed4035061264bb7162615a486e7637c142c490344fc2,Gita Sangraha (Gita Press),,pdf-reference,en,,reference-only-rights-review-required,not-reviewed,research-only,
Granth,C:\Users\swap2\Downloads\Personal\5. Devotional\Granth\Hindi Book- Bhagwan Aaj Hi Mil Sakta Ha by Swami Ramsukh Das Ji.pdf,Hindi Book- Bhagwan Aaj Hi Mil Sakta Ha by Swami Ramsukh Das Ji.pdf,Hindi Book- Bhagwan Aaj Hi Mil Sakta Ha by Swami Ramsukh Das Ji.pdf,.pdf,1857443,2022-07-17T16:03:26.614316+00:00,dad2f965e87c1d90bf3a87352b28b803ffd8b50cc294a1d6f58471b58f2c50fe,Hindi Book- Bhagwan Aaj Hi Mil Sakta Ha by Swami Ramsukh Das Ji,,pdf-reference,hi,,reference-only-rights-review-required,not-reviewed,research-only,
Granth,C:\Users\swap2\Downloads\Personal\5. Devotional\Granth\Hindi Book-Bhagwati Katha by Shri Prabhu Dutt  part 1 to 101.pdf,Hindi Book-Bhagwati Katha by Shri Prabhu Dutt  part 1 to 101.pdf,Hindi Book-Bhagwati Katha by Shri Prabhu Dutt  part 1 to 101.pdf,.pdf,358281317,2022-07-17T16:10:47.656581+00:00,f3eab8653e12a642077f7118fd3dc0651c698580105a97a12d93440d4312c76f,Hindi Book-Bhagwati Katha by Shri Prabhu Dutt  part 1 to 101,,pdf-reference,hi,,reference-only-rights-review-required,not-reviewed,research-only,
Granth,C:\Users\swap2\Downloads\Personal\5. Devotional\Granth\Hindi Book-Bhagwatprem-Prapti-ke-Upaye by Gita Press.pdf,Hindi Book-Bhagwatprem-Prapti-ke-Upaye by Gita Press.pdf,Hindi Book-Bhagwatprem-Prapti-ke-Upaye by Gita Press.pdf,.pdf,9359613,2022-07-17T16:00:36.374101+00:00,36a6bb75ee0505b66bc5302d099ce5270102c590843ebb08894d334a2162c45b,Hindi Book-Bhagwatprem-Prapti-ke-Upaye by Gita Press,,pdf-reference,hi,,reference-only-rights-review-required,not-reviewed,research-only,
Granth,C:\Users\swap2\Downloads\Personal\5. Devotional\Granth\Hindi Book-Bhaiji-Charitamrit (Complete) by Gita Press.pdf,Hindi Book-Bhaiji-Charitamrit (Complete) by Gita Press.pdf,Hindi Book-Bhaiji-Charitamrit (Complete) by Gita Press.pdf,.pdf,34034065,2022-07-17T15:58:01.790312+00:00,12d06d5d7261522a68bfd13fc57cb872d70d750b97aa09ac25b812e41308b4ce,Hindi Book-Bhaiji-Charitamrit (Complete) by Gita Press,,pdf-reference,hi,,reference-only-rights-review-required,not-reviewed,research-only,
Granth,C:\Users\swap2\Downloads\Personal\5. Devotional\Granth\Hindi Book-Bhakt-Charitank ( Bhaktmal )-Gita-Press-Gorakhpur (Complete).pdf,Hindi Book-Bhakt-Charitank ( Bhaktmal )-Gita-Press-Gorakhpur (Complete).pdf,Hindi Book-Bhakt-Charitank ( Bhaktmal )-Gita-Press-Gorakhpur (Complete).pdf,.pdf,64437417,2022-07-17T16:05:03.005769+00:00,f2cd430740087123ef2dc9d57e4847dc8fc99a2dd3867dddf0cb06d860c48651,Hindi Book-Bhakt-Charitank ( Bhaktmal )-Gita-Press-Gorakhpur (Complete),,pdf-reference,hi,,reference-only-rights-review-required,not-reviewed,research-only,
Granth,C:\Users\swap2\Downloads\Personal\5. Devotional\Granth\Hindi Book-Chalo-Ri-Aj-Brij-Raj-Mukh-Nirakhle-by-Radha-Baba.pdf,Hindi Book-Chalo-Ri-Aj-Brij-Raj-Mukh-Nirakhle-by-Radha-Baba.pdf,Hindi Book-Chalo-Ri-Aj-Brij-Raj-Mukh-Nirakhle-by-Radha-Baba.pdf,.pdf,20763486,2022-07-17T16:00:08.434814+00:00,a0be0f65e9c29d393d987a351145c90b669620e9fe19f380bdda7da3645ece2b,Hindi Book-Chalo-Ri-Aj-Brij-Raj-Mukh-Nirakhle-by-Radha-Baba,,pdf-reference,hi,,reference-only-rights-review-required,not-reviewed,research-only,
Granth,C:\Users\swap2\Downloads\Personal\5. Devotional\Granth\Hindi Book-Divya Hastlikhit Sankat by Shri Radha Baba Ji.pdf,Hindi Book-Divya Hastlikhit Sankat by Shri Radha Baba Ji.pdf,Hindi Book-Divya Hastlikhit Sankat by Shri Radha Baba Ji.pdf,.pdf,257014,2022-07-17T15:59:01.010219+00:00,447d8cb1a83da5f36855fd90d6f359420058873714c5b4d7755619d05540049a,Hindi Book-Divya Hastlikhit Sankat by Shri Radha Baba Ji,,pdf-reference,hi,,reference-only-rights-review-required,not-reviewed,research-only,
Granth,C:\Users\swap2\Downloads\Personal\5. Devotional\Granth\Hindi Book-Geetawali by Gita Press.pdf,Hindi Book-Geetawali by Gita Press.pdf,Hindi Book-Geetawali by Gita Press.pdf,.pdf,22819614,2022-07-17T16:01:24.863236+00:00,65c64e6be648fcbf1500384afb5b2dfe0a19bb94cd76cfd36da2c5e6db0a0715,Hindi Book-Geetawali by Gita Press,,pdf-reference,hi,,reference-only-rights-review-required,not-reviewed,research-only,
Granth,C:\Users\swap2\Downloads\Personal\5. Devotional\Granth\Hindi Book-Iswar ki Sata by Shri Hanuman Prasad Poddar-Gita Press.pdf,Hindi Book-Iswar ki Sata by Shri Hanuman Prasad Poddar-Gita Press.pdf,Hindi Book-Iswar ki Sata by Shri Hanuman Prasad Poddar-Gita Press.pdf,.pdf,8562965,2022-07-17T16:05:50.456840+00:00,b62c3f4fb6383178f017d9907a6ef1d34b65b91c30d7454e4170c22b4f40d141,Hindi Book-Iswar ki Sata by Shri Hanuman Prasad Poddar-Gita Press,,pdf-reference,hi,,reference-only-rights-review-required,not-reviewed,research-only,
Granth,C:\Users\swap2\Downloads\Personal\5. Devotional\Granth\Hindi Book-Kabir Dohavali (Short).pdf,Hindi Book-Kabir Dohavali (Short).pdf,Hindi Book-Kabir Dohavali (Short).pdf,.pdf,4976512,2022-07-17T16:02:35.992209+00:00,c02ddf9b78387484ff75c388029e0ca9dd1727985ae3168097cdc5d3cf1fe9bc,Hindi Book-Kabir Dohavali (Short),,pdf-reference,hi,,reference-only-rights-review-required,not-reviewed,research-only,
Granth,C:\Users\swap2\Downloads\Personal\5. Devotional\Granth\Hindi Book-Mahabhava-Dinmani-Shri-Radha-Baba (Complete).pdf,Hindi Book-Mahabhava-Dinmani-Shri-Radha-Baba (Complete).pdf,Hindi Book-Mahabhava-Dinmani-Shri-Radha-Baba (Complete).pdf,.pdf,462897494,2022-07-17T15:57:02.453016+00:00,566073bb8e6e393e7134b957c6d481e9d98bfea73818917a315bc4958bebd586,Hindi Book-Mahabhava-Dinmani-Shri-Radha-Baba (Complete),,pdf-reference,hi,,reference-only-rights-review-required,not-reviewed,research-only,
Granth,C:\Users\swap2\Downloads\Personal\5. Devotional\Granth\Hindi Book-Mitti-Ka-Mahatma-Shri Radha Baba Ji.pdf,Hindi Book-Mitti-Ka-Mahatma-Shri Radha Baba Ji.pdf,Hindi Book-Mitti-Ka-Mahatma-Shri Radha Baba Ji.pdf,.pdf,66568062,2022-07-17T15:50:37.707253+00:00,2550377351bccc3a1cf40348ff217fe9743b1ddb23e86eac73ef2ea3c522659b,Hindi Book-Mitti-Ka-Mahatma-Shri Radha Baba Ji,,pdf-reference,hi,,reference-only-rights-review-required,not-reviewed,research-only,
Granth,C:\Users\swap2\Downloads\Personal\5. Devotional\Granth\Hindi Book-Nari-Shiksha-Hanuman-Prasad-Ji-poddar-bhiaji-Gita-Press-Gorakhpur.pdf,Hindi Book-Nari-Shiksha-Hanuman-Prasad-Ji-poddar-bhiaji-Gita-Press-Gorakhpur.pdf,Hindi Book-Nari-Shiksha-Hanuman-Prasad-Ji-poddar-bhiaji-Gita-Press-Gorakhpur.pdf,.pdf,2819181,2022-07-18T13:31:47.486665+00:00,5d4ae5a7f952044f71152489539640a5a9d78baafc719aaf32beb8dd33e18869,Hindi Book-Nari-Shiksha-Hanuman-Prasad-Ji-poddar-bhiaji-Gita-Press-Gorakhpur,,pdf-reference,hi,,reference-only-rights-review-required,not-reviewed,research-only,
Granth,C:\Users\swap2\Downloads\Personal\5. Devotional\Granth\Hindi Book-Nari-Siksha by Gita Press.pdf,Hindi Book-Nari-Siksha by Gita Press.pdf,Hindi Book-Nari-Siksha by Gita Press.pdf,.pdf,31722440,2022-07-17T16:02:10.983602+00:00,4017abff83507dfe48a217cefd78e38c44a3e97a3b93c2ae445d44b6a2b02baa,Hindi Book-Nari-Siksha by Gita Press,,pdf-reference,hi,,reference-only-rights-review-required,not-reviewed,research-only,
Granth,C:\Users\swap2\Downloads\Personal\5. Devotional\Granth\Hindi Book-Param-Bhagwat-1-(complete)by Gita press.pdf,Hindi Book-Param-Bhagwat-1-(complete)by Gita press.pdf,Hindi Book-Param-Bhagwat-1-(complete)by Gita press.pdf,.pdf,62774785,2022-07-17T15:59:01.010219+00:00,d576601fd9dc1c49cf25860c1259a2122a7de16c1480d136dc8d6c15ad6e5c53,Hindi Book-Param-Bhagwat-1-(complete)by Gita press,,pdf-reference,hi,,reference-only-rights-review-required,not-reviewed,research-only,
Granth,C:\Users\swap2\Downloads\Personal\5. Devotional\Granth\Hindi Book-Parmarth-Patravali-Bhag-2-Jaydayal-Goyandka-Gita-press-Gorakhpur.pdf,Hindi Book-Parmarth-Patravali-Bhag-2-Jaydayal-Goyandka-Gita-press-Gorakhpur.pdf,Hindi Book-Parmarth-Patravali-Bhag-2-Jaydayal-Goyandka-Gita-press-Gorakhpur.pdf,.pdf,4796153,2022-07-18T13:32:06.802735+00:00,ad63de3028d255b9cefad68e89e7798ecf5becd02baf094a03420ce662f8f77a,Hindi Book-Parmarth-Patravali-Bhag-2-Jaydayal-Goyandka-Gita-press-Gorakhpur,,pdf-reference,hi,,reference-only-rights-review-required,not-reviewed,research-only,
Granth,C:\Users\swap2\Downloads\Personal\5. Devotional\Granth\Hindi Book-Pritirsavataar-Mahabhavanimagna-Shri-Radha-baba by Gita Press.pdf,Hindi Book-Pritirsavataar-Mahabhavanimagna-Shri-Radha-baba by Gita Press.pdf,Hindi Book-Pritirsavataar-Mahabhavanimagna-Shri-Radha-baba by Gita Press.pdf,.pdf,123973238,2022-07-17T15:59:28.034039+00:00,496bf394edb536be1a08f110195d1f78d582d313f8a5b02f09d0677af5e5121b,Hindi Book-Pritirsavataar-Mahabhavanimagna-Shri-Radha-baba by Gita Press,,pdf-reference,hi,,reference-only-rights-review-required,not-reviewed,research-only,
Granth,C:\Users\swap2\Downloads\Personal\5. Devotional\Granth\Hindi Book-Radha-Madhav-Chintan-(Complete) by gita press.pdf,Hindi Book-Radha-Madhav-Chintan-(Complete) by gita press.pdf,Hindi Book-Radha-Madhav-Chintan-(Complete) by gita press.pdf,.pdf,124896218,2022-07-17T15:57:41.451997+00:00,0aaf7fc232b2f633295dd6dd012b0d5c7339a48015e4bfc3cfaa114ca069d6be,Hindi Book-Radha-Madhav-Chintan-(Complete) by gita press,,pdf-reference,hi,,reference-only-rights-review-required,not-reviewed,research-only,
Granth,C:\Users\swap2\Downloads\Personal\5. Devotional\Granth\Hindi Book-Sadhak-Sanjivani-Shrimad-Bhagavad-Gita-Hindi-Tika-Parishistha-Sahit by Shri Ramsukh Das Ji.pdf,Hindi Book-Sadhak-Sanjivani-Shrimad-Bhagavad-Gita-Hindi-Tika-Parishistha-Sahit by Shri Ramsukh Das Ji.pdf,Hindi Book-Sadhak-Sanjivani-Shrimad-Bhagavad-Gita-Hindi-Tika-Parishistha-Sahit by Shri Ramsukh Das Ji.pdf,.pdf,3517837,2022-07-17T16:04:09.236164+00:00,6b58220ba2c52f5267d623a40d55ac72d9d7467a6010838b39bbc652d319b7c9,Hindi Book-Sadhak-Sanjivani-Shrimad-Bhagavad-Gita-Hindi-Tika-Parishistha-Sahit by Shri Ramsukh Das Ji,,pdf-reference,hi,,reference-only-rights-review-required,not-reviewed,research-only,
Granth,C:\Users\swap2\Downloads\Personal\5. Devotional\Granth\Hindi Book-Sandhya by Gita Press.pdf,Hindi Book-Sandhya by Gita Press.pdf,Hindi Book-Sandhya by Gita Press.pdf,.pdf,10500916,2022-07-17T15:57:43.283738+00:00,b6c9164ac3a3f0c3bbd6f8a208d878d3197467b992f757d9b68f36167237bb6b,Hindi Book-Sandhya by Gita Press,,pdf-reference,hi,,reference-only-rights-review-required,not-reviewed,research-only,
Granth,C:\Users\swap2\Downloads\Personal\5. Devotional\Granth\Hindi book-Sant-Hridya-Sri-Poddar-JI-(complete) by Gita press.pdf,Hindi book-Sant-Hridya-Sri-Poddar-JI-(complete) by Gita press.pdf,Hindi book-Sant-Hridya-Sri-Poddar-JI-(complete) by Gita press.pdf,.pdf,50488731,2022-07-17T15:56:08.075238+00:00,a081d5d56f9c0bf4ba7fb86294270a0fc25e233e530c17cf72abe4160e6a064c,Hindi book-Sant-Hridya-Sri-Poddar-JI-(complete) by Gita press,,pdf-reference,hi,,reference-only-rights-review-required,not-reviewed,research-only,
Granth,C:\Users\swap2\Downloads\Personal\5. Devotional\Granth\Hindi Book-Sar Sangrah - Swami Ramsukh Das Ji and Prshanotri -Shri  Shankracharya  ji by Gita press.pdf,Hindi Book-Sar Sangrah - Swami Ramsukh Das Ji and Prshanotri -Shri  Shankracharya  ji by Gita press.pdf,Hindi Book-Sar Sangrah - Swami Ramsukh Das Ji and Prshanotri -Shri  Shankracharya  ji by Gita press.pdf,.pdf,53075508,2022-07-17T15:57:22.139733+00:00,ddeda8b3c5fffae65bd23002810ffa4bbb7b32272acd95c2ecdadddd52fe1da6,Hindi Book-Sar Sangrah - Swami Ramsukh Das Ji and Prshanotri -Shri  Shankracharya  ji by Gita press,,pdf-reference,hi,,reference-only-rights-review-required,not-reviewed,research-only,
Granth,C:\Users\swap2\Downloads\Personal\5. Devotional\Granth\Hindi Book-satsang-sudha-(complete).pdf,Hindi Book-satsang-sudha-(complete).pdf,Hindi Book-satsang-sudha-(complete).pdf,.pdf,24431664,2022-07-17T15:55:40.107936+00:00,518cfad62d34eb091ad2c9000c88856abbe4d3257a7b913ca0b82838b29934ec,Hindi Book-satsang-sudha-(complete),,pdf-reference,hi,,reference-only-rights-review-required,not-reviewed,research-only,
Granth,C:\Users\swap2\Downloads\Personal\5. Devotional\Granth\Hindi Book-Shri Daadu-Dayaal Ki Vani & Part 1.pdf,Hindi Book-Shri Daadu-Dayaal Ki Vani & Part 1.pdf,Hindi Book-Shri Daadu-Dayaal Ki Vani & Part 1.pdf,.pdf,20177927,2022-07-17T16:05:17.264955+00:00,d9a90025720a60ba70e484dd716563310f5e08986134a8dac29b7ff93ef05d9a,Hindi Book-Shri Daadu-Dayaal Ki Vani & Part 1,,pdf-reference,hi,,reference-only-rights-review-required,not-reviewed,research-only,
Granth,C:\Users\swap2\Downloads\Personal\5. Devotional\Granth\Hindi Book-Shri Daadu-Dayaal Ki Vani & Part 2.pdf,Hindi Book-Shri Daadu-Dayaal Ki Vani & Part 2.pdf,Hindi Book-Shri Daadu-Dayaal Ki Vani & Part 2.pdf,.pdf,13703096,2022-07-17T16:05:37.367421+00:00,496714c1e69cf70b7aaa36fe831c9e4c4b31f3587af01e3196cf46e82970af62,Hindi Book-Shri Daadu-Dayaal Ki Vani & Part 2,,pdf-reference,hi,,reference-only-rights-review-required,not-reviewed,research-only,
Granth,C:\Users\swap2\Downloads\Personal\5. Devotional\Granth\Hindi Book-Shri Soordas Ji Ka Bhajans (Short).pdf,Hindi Book-Shri Soordas Ji Ka Bhajans (Short).pdf,Hindi Book-Shri Soordas Ji Ka Bhajans (Short).pdf,.pdf,4444413,2022-07-17T16:02:23.385102+00:00,e1595dc5fb36a81db052a12b2dcc468477690c08db087f4e059ed5373fb023ad,Hindi Book-Shri Soordas Ji Ka Bhajans (Short),,pdf-reference,hi,,reference-only-rights-review-required,not-reviewed,research-only,
Granth,C:\Users\swap2\Downloads\Personal\5. Devotional\Granth\Hindi Book-SOORDASS-MADANMOHAN-JEEVNI-AUR-PADAWALI.pdf,Hindi Book-SOORDASS-MADANMOHAN-JEEVNI-AUR-PADAWALI.pdf,Hindi Book-SOORDASS-MADANMOHAN-JEEVNI-AUR-PADAWALI.pdf,.pdf,9324330,2022-07-17T16:02:14.295511+00:00,57d6b7528bea8596424700313b0497fd5d1e974e9f33e3f334dd699b5eecba73,Hindi Book-SOORDASS-MADANMOHAN-JEEVNI-AUR-PADAWALI,,pdf-reference,hi,,reference-only-rights-review-required,not-reviewed,research-only,
Granth,C:\Users\swap2\Downloads\Personal\5. Devotional\Granth\Hindi Book-vidur-neeti by Gita Press.pdf,Hindi Book-vidur-neeti by Gita Press.pdf,Hindi Book-vidur-neeti by Gita Press.pdf,.pdf,9552278,2022-07-17T15:56:57.468530+00:00,65eceec8ea771a6bbeae714c4db50f26b0f4dadfe695d9880172f5314c4e188c,Hindi Book-vidur-neeti by Gita Press,,pdf-reference,hi,,reference-only-rights-review-required,not-reviewed,research-only,
Granth,C:\Users\swap2\Downloads\Personal\5. Devotional\Granth\Hindi Book-Vinay-Patrika by Gita Press.pdf,Hindi Book-Vinay-Patrika by Gita Press.pdf,Hindi Book-Vinay-Patrika by Gita Press.pdf,.pdf,29401725,2022-07-17T16:04:31.359825+00:00,ced34b2e944e080e42b05c97da79f110eefc5b7c4c60f8ed3157619a6cfc91e7,Hindi Book-Vinay-Patrika by Gita Press,,pdf-reference,hi,,reference-only-rights-review-required,not-reviewed,research-only,
Granth,C:\Users\swap2\Downloads\Personal\5. Devotional\Granth\HindiBook-asthikta-ki-adharshilaye-radha-baba.pdf,HindiBook-asthikta-ki-adharshilaye-radha-baba.pdf,HindiBook-asthikta-ki-adharshilaye-radha-baba.pdf,.pdf,21784588,2022-07-17T15:42:12.887368+00:00,3d9ed640e913cf33bfaa0424099f476df222f869ecc89cae4cbbd02495446473,HindiBook-asthikta-ki-adharshilaye-radha-baba,,pdf-reference,hi,,reference-only-rights-review-required,not-reviewed,research-only,
Granth,C:\Users\swap2\Downloads\Personal\5. Devotional\Granth\HindiBook-jai-jai-pritam-byRadha-baba.pdf,HindiBook-jai-jai-pritam-byRadha-baba.pdf,HindiBook-jai-jai-pritam-byRadha-baba.pdf,.pdf,16622065,2022-07-17T15:39:39.895303+00:00,b090608dba3806a4de0e0c4350fc31791d1b7bb5934f5a4bfebc6f1c70ebdd45,HindiBook-jai-jai-pritam-byRadha-baba,,pdf-reference,hi,,reference-only-rights-review-required,not-reviewed,research-only,
Granth,C:\Users\swap2\Downloads\Personal\5. Devotional\Granth\HindiBook-mahabhag-gopiya-byRadha-baba.pdf,HindiBook-mahabhag-gopiya-byRadha-baba.pdf,HindiBook-mahabhag-gopiya-byRadha-baba.pdf,.pdf,15226729,2022-07-17T16:06:53.924914+00:00,c75ad57be0704cff813cb0380e0e3dc7f0ffb5efda4c698cb4ce08245edfe4d2,HindiBook-mahabhag-gopiya-byRadha-baba,,pdf-reference,hi,,reference-only-rights-review-required,not-reviewed,research-only,
Granth,C:\Users\swap2\Downloads\Personal\5. Devotional\Granth\HindiBook-parmartha-ka-sargam-byRadha-baba.pdf,HindiBook-parmartha-ka-sargam-byRadha-baba.pdf,HindiBook-parmartha-ka-sargam-byRadha-baba.pdf,.pdf,15127919,2022-07-17T15:46:15.988006+00:00,0fb6664187597211ab433664b58293bb41f8a0f53fc2815a1347858c617040d0,HindiBook-parmartha-ka-sargam-byRadha-baba,,pdf-reference,hi,,reference-only-rights-review-required,not-reviewed,research-only,
Granth,C:\Users\swap2\Downloads\Personal\5. Devotional\Granth\KELI KUNJ KI LEELA\4shared_1658071114990.zip,KELI KUNJ KI LEELA/4shared_1658071114990.zip,4shared_1658071114990.zip,.zip,38181589,2022-07-17T15:31:06.886740+00:00,713c2c36bebb1b71ec47a00b1da696a2bd2898940be2736b6f092c7e4bb0e2d5,4shared_1658071114990,,other,en,,reference-only-index-only,not-reviewed,research-only,
Granth,C:\Users\swap2\Downloads\Personal\5. Devotional\Granth\KELI KUNJ KI LEELA\KELI KUNJ KI LEELA\keli kunj ki leela page 115-225.pdf,KELI KUNJ KI LEELA/KELI KUNJ KI LEELA/keli kunj ki leela page 115-225.pdf,keli kunj ki leela page 115-225.pdf,.pdf,12446564,2022-07-17T15:33:35.135418+00:00,0f3cafdc5657dca9da4194d410c7aab9b328d63ec752ce3dde0fdb2cacc92205,keli kunj ki leela page 115-225,,pdf-reference,en,,reference-only-rights-review-required,not-reviewed,research-only,
Granth,C:\Users\swap2\Downloads\Personal\5. Devotional\Granth\KELI KUNJ KI LEELA\KELI KUNJ KI LEELA\kelikunj ki leela 226-351.pdf,KELI KUNJ KI LEELA/KELI KUNJ KI LEELA/kelikunj ki leela 226-351.pdf,kelikunj ki leela 226-351.pdf,.pdf,13438117,2022-07-17T15:33:34.865738+00:00,66d22d1d2833c51cbb264ad9e2f9666ea9c72f285ef328ac6ce93a65bd87d184,kelikunj ki leela 226-351,,pdf-reference,en,,reference-only-rights-review-required,not-reviewed,research-only,
Granth,C:\Users\swap2\Downloads\Personal\5. Devotional\Granth\KELI KUNJ KI LEELA\KELI KUNJ KI LEELA\kelikunj ki leela page 1-114.pdf,KELI KUNJ KI LEELA/KELI KUNJ KI LEELA/kelikunj ki leela page 1-114.pdf,kelikunj ki leela page 1-114.pdf,.pdf,13904790,2022-07-17T15:33:35.001513+00:00,62e04b3a46219c301f0cac84140de0263673804628452bfe861e51cdb0ab25ee,kelikunj ki leela page 1-114,,pdf-reference,en,,reference-only-rights-review-required,not-reviewed,research-only,
Granth,C:\Users\swap2\Downloads\Personal\5. Devotional\Granth\Parmarth Ki Pagadndiyan by Hanuman Prasad Poddhar - Gita Vatika.pdf,Parmarth Ki Pagadndiyan by Hanuman Prasad Poddhar - Gita Vatika.pdf,Parmarth Ki Pagadndiyan by Hanuman Prasad Poddhar - Gita Vatika.pdf,.pdf,95747324,2025-10-20T12:45:47.287793+00:00,f9f1951b976ebc79e3079c647dbe8137d1f3db07f5c37f16054034ce3a9e7fbd,Parmarth Ki Pagadndiyan by Hanuman Prasad Poddhar - Gita Vatika,,pdf-reference,en,,reference-only-rights-review-required,not-reviewed,research-only,
Granth,C:\Users\swap2\Downloads\Personal\5. Devotional\Granth\prem satsand sudha by radha baba\4shared_1658071752064.zip,prem satsand sudha by radha baba/4shared_1658071752064.zip,4shared_1658071752064.zip,.zip,19014162,2022-07-17T15:31:41.251531+00:00,8165300651ed5569d7b9839a763834a9a31bcee08e3367ae7451458fe10be42c,4shared_1658071752064,,other,en,,reference-only-index-only,not-reviewed,research-only,
Granth,C:\Users\swap2\Downloads\Personal\5. Devotional\Granth\prem satsand sudha by radha baba\prem satsand sudha by radha baba\prem satsang 112-end.pdf,prem satsand sudha by radha baba/prem satsand sudha by radha baba/prem satsang 112-end.pdf,prem satsang 112-end.pdf,.pdf,9255065,2022-07-17T15:33:45.929712+00:00,a498b77d8f2fd113546f107461bc37dd6fa9415d67ebf24db08d92178ccdbf32,prem satsang 112-end,,pdf-reference,en,,reference-only-rights-review-required,not-reviewed,research-only,
Granth,C:\Users\swap2\Downloads\Personal\5. Devotional\Granth\prem satsand sudha by radha baba\prem satsand sudha by radha baba\prem satsang final 00-51.pdf,prem satsand sudha by radha baba/prem satsand sudha by radha baba/prem satsang final 00-51.pdf,prem satsang final 00-51.pdf,.pdf,3280128,2022-07-17T15:33:45.765182+00:00,d30f1d359662feccf7de1f1027f619ac5dfe2015326e245774dd08d3bb200db7,prem satsang final 00-51,,pdf-reference,en,,reference-only-rights-review-required,not-reviewed,research-only,
Granth,C:\Users\swap2\Downloads\Personal\5. Devotional\Granth\prem satsand sudha by radha baba\prem satsand sudha by radha baba\prem satsang sudha page 52-111.pdf,prem satsand sudha by radha baba/prem satsand sudha by radha baba/prem satsang sudha page 52-111.pdf,prem satsang sudha page 52-111.pdf,.pdf,7167038,2022-07-17T15:33:45.836708+00:00,972d25fed4ba546bc46ec94ef7284c5d612ec3bb7568e312b162fef6eabe02d7,prem satsang sudha page 52-111,,pdf-reference,en,,reference-only-rights-review-required,not-reviewed,research-only,
Granth,C:\Users\swap2\Downloads\Personal\5. Devotional\Granth\satsang sudha_1658071851932\satsang sudha page 66-end.pdf,satsang sudha_1658071851932/satsang sudha page 66-end.pdf,satsang sudha page 66-end.pdf,.pdf,16394313,2022-07-17T15:34:02.197543+00:00,628fd597ea72639f1f7baa43d18cabeda4f9023bff4afad04e0bbbe56329aa92,satsang sudha page 66-end,,pdf-reference,en,,reference-only-rights-review-required,not-reviewed,research-only,
Granth,C:\Users\swap2\Downloads\Personal\5. Devotional\Granth\satsang sudha_1658071851932\satsang sudha page1-65.pdf,satsang sudha_1658071851932/satsang sudha page1-65.pdf,satsang sudha page1-65.pdf,.pdf,8026706,2022-07-17T15:34:02.281259+00:00,6a87386e6621c6b86268c6c3e586c48b2578feb33ec9239033786aa72a368327,satsang sudha page1-65,,pdf-reference,en,,reference-only-rights-review-required,not-reviewed,research-only,
Granth,C:\Users\swap2\Downloads\Personal\5. Devotional\Granth\satsang sudha_1658071851932\satsang sudha_1658071851932.zip,satsang sudha_1658071851932/satsang sudha_1658071851932.zip,satsang sudha_1658071851932.zip,.zip,23452574,2022-07-17T15:32:46.789978+00:00,17d0b7dd71ee1dec3b7d9731375ce6688fe5fa3b48320a470c177eca55b57dde,satsang sudha_1658071851932,,other,en,,reference-only-index-only,not-reviewed,research-only,
Granth,C:\Users\swap2\Downloads\Personal\5. Devotional\Granth\sloka sangrah udaipur.pdf,sloka sangrah udaipur.pdf,sloka sangrah udaipur.pdf,.pdf,100542265,2021-11-30T14:06:19.914221+00:00,6228d5536fbbf4c5b9d8b8f29d009579316ec9e5c44518469e46a2412799b3ce,sloka sangrah udaipur,,pdf-reference,en,,reference-only-rights-review-required,not-reviewed,research-only,
Granth,C:\Users\swap2\Downloads\Personal\5. Devotional\Granth\upadeshamrta_4th_ed_hindi.pdf,upadeshamrta_4th_ed_hindi.pdf,upadeshamrta_4th_ed_hindi.pdf,.pdf,460183,2023-02-02T22:11:05.054828+00:00,0b74741e5ffd48e6511b72b8c014f1b4c4cb514b1e91d0ce66cb6cced5d763af,upadeshamrta_4th_ed_hindi,,pdf-reference,hi,,reference-only-rights-review-required,not-reviewed,research-only,
Granth,C:\Users\swap2\Downloads\Personal\5. Devotional\Granth\vaisnava-siddhanta-mala_hindi.pdf,vaisnava-siddhanta-mala_hindi.pdf,vaisnava-siddhanta-mala_hindi.pdf,.pdf,161202,2023-02-02T22:11:09.555322+00:00,c6cb73716777a0008dfadfd923c254107ed3ec6f516ad4812d5d5fae727f305d,vaisnava-siddhanta-mala_hindi,,pdf-reference,hi,,reference-only-rights-review-required,not-reviewed,research-only,
Granth,C:\Users\swap2\Downloads\Personal\5. Devotional\Granth\way-of-love-hindi_2ed_2016.pdf,way-of-love-hindi_2ed_2016.pdf,way-of-love-hindi_2ed_2016.pdf,.pdf,5329697,2023-02-02T22:11:15.415423+00:00,58a5bc8541ca90590bed0c2e9b718bff60dd13f682ba39d100c9ebbe083d4469,way-of-love-hindi_2ed_2016,,pdf-reference,hi,,reference-only-rights-review-required,not-reviewed,research-only,
